Name,产业,員工人數,网站,代表人物,總資產,成立,總部
深圳信隆健康产业发展股份有限公司,铁路、船舶、航空航天和其它运输设备制造业,,,,,,
诚志股份有限公司,,,http://www.chengzhi.com.cn,,,1998年 [1],中华人民共和国
上海晨之科信息技术有限公司,,,http://www.morningtec.cn,朱明（董事长）,,,
网站类型,,,http://www.2345.com,,,,中国 上海市 浦东新区 软件园
COLMO,家用电器,,http://colmo.com.cn,,,2018年10月 [1],中国 广东省 佛山市
三七互娱（上海）科技有限公司,,,http://www.37wan.net/,,,,中国 上海 嘉定区南翔镇银翔路655号809室
重庆三峡油漆股份有限公司,化学原料及化学制品制造业,,,,,,
三只松鼠,互联网 电商,,https://www.3songshu.com/,,,2012年2月16日 ，​7年前 ​（ 2012-02-16 ）,中华人民共和国 安徽省 芜湖市 弋江区 芜湖高新技术产业开发区久盛路8号
江苏三六五网络股份有限公司,服务业,,http://www.house365.com,董事长 ： 章海林,,2006年1月17日 [1],中华人民共和国 江苏省 南京市
万达集团,商業、文化、地產、金融,,http://www.wanda.cn/,王健林,,1988年 ( 1988 ) 中国 遼寧省 大連市,中国 北京市 朝阳区 建国路 93号 万达广场 B座
大連友誼（集團）股份有限公司,百貨零售、酒店管理及房地產開發,,,,,,
四川大通燃气开发股份有限公司,零售业,,,,,,
大族激光科技产业集团股份有限公司,制造业,9806人 [2],https://www.hanslaser.com/,董事长 ： 高云峰,,2001年9月28日,中华人民共和国 广东省 深圳市 南山区 深南大道 9988号
大华技术股份有限公司,视频监控,13000人,http://www.dahuasecurity.com,,,2001,中华人民共和国 杭州
大连冷冻机股份有限公司,普通机械制造业,,,,,,
海南大东海旅游中心股份有限公司,旅馆业,,,,,,
安徽国风塑业股份有限公司,塑料 制造业,1421人 [2],http://www.guofeng.com,董事长 ： 黄琼宜,,1998年9月23日,中华人民共和国 安徽省 合肥市 蜀山区 国家高新技术产业开发区长宁大道与铭传路交口
新疆国际实业股份有限公司,制造业、石油加工及炼焦业、炼焦业,,http://www.xjgjsy.com,法人代表：丁治平,,1999年3月28日,新疆维吾尔自治区乌鲁木齐市黄河路2号招商银行大厦11楼
国轩高科股份有限公司,制造业,,http://www.hfgxgk.com/,董事长 ： 李缜,,1995年,注册地址： 中国 江苏省 南通市 通州区 十总镇东源大道1号 办公地址： 中国 安徽省 合肥市 瑶海区 新站区岱河路599号
恒立实业发展集团股份有限公司,专用设备制造业,,http://www.hlsyfzjt.com/,,,1993年3月,岳阳市青年中路（注册地址）
深圳市物业发展(集团)股份有限公司,房地产开发,,http://www.szwuye.com.cn/,,,1983年1月17日,深圳
深圳市纺织（集团）股份有限公司,商业经纪与代理业,,http://www.chinasthc.com,法人代表：王滨,,1994年8月6日,深圳市福田区华强北路3号深纺大厦六楼
深圳经济特区房地产（集团）股份有限公司,房地产开发及商品房销售、物业租赁及管理、建筑装饰安装、商品零售及贸易、酒店及餐饮服务,,http://www.sfjt.com.cn,周建国（董事长）,,1980年1月8日,中國廣東省深圳市深房广场47楼
深圳市深宝实业股份有限公司,饮料制造业,,http://www.sbsy.com.cn,法人代表：郑煜曦,,1981年7月30日,深圳市福田区竹子林四路紫竹七道26号教育科技大厦塔楼20层南半层
深圳桑达实业股份有限公司,通信设备制造、国内商业、物资供销业,,http://www.sedind.com,法人代表：张永平,,1993年12月4日,深圳市南山区科技园科技路1号桑达科技大厦15—17楼
深圳市天地(集团)股份有限公司,制造业、非金属矿物制品业,,http://www.000023.cn,法人代表：杨国富,,1984年11月16日,深圳市高新技术产业园（北区）朗山路东物商业大楼10楼
深圳赤湾港航股份有限公司,港口,,,,,1982年,中国 深圳市 赤湾港 赤湾石油大厦
深圳赤湾石油基地股份有限公司,,,http://www.szcwh.com,郑少平,,1990年7月19日,深圳市赤湾石油大厦8楼
深圳市特力(集团)股份有限公司,能源、材料和机械电子设备批发业、汽车、摩托车及零配件批发业,,http://www.tellus.cn,法人代表：郭东日,,1986年11月10日,深圳市福田区深南中路中核大厦十五楼
深圳市振业(集团)股份有限公司,房地产开发,,,董事长：李永明,,1989年5月25日,深圳
深圳能源集團,電力,,http://www.sec.com.cn,熊佩锦 （ 董事长 兼 党委书记 ） 黄历新 （副董事长） 王平洋 （ 董事总经理 兼 党委 副书记） 龙庆祥 （ 监事会 主席兼 纪委书记 ）,,1993年 [1],中國 廣東 深圳
深圳市农产品股份有限公司,食品、饮料、烟草和家庭用品批发业,,http://www.szap.com,法人代表：何建锋,,1989年1月14日,深圳市 福田区深南大道7028号时代科技大厦13楼
深圳市国际企业股份有限公司,房地产管理业,,http://www.china-ia.com,法人代表：郑康豪,,1993年3月18日,深圳市福田区金田路2028号皇岗商务中心6楼
深圳市佳士科技股份有限公司,,,http://www.jasic.com.cn,董事长 ：潘磊,,2005年,中国 广东省 深圳市
深圳大通实业股份有限公司,房地产开发、经营，国内商业，物资供销业，兴办实业，计算机软硬件开发及销售，经营进出口业务,,http://www.chinadatong.com,法人代表：许亚楠,,1987年6月24日,深圳市福田区都市阳光名苑1栋6B
深圳南山热电股份有限公司,生产经营供电、供热，从事发电厂（站）的相关技术咨询和技术服务,,http://www.nsrd.com.cn,法人代表：杨海贤,,1990年4月6日,中国深圳市南山区华侨城汉唐大厦16、17楼
深圳中国农大科技股份有限公司,生物制品业,,http://www.cau-tech.com/,董事长：傅泽田,,1986年5月5日,深圳
深圳世纪星源股份有限公司,房地产开发,,,董事长：丁芃,,1987年7月30日,深圳
机场概览,,,,,,,
深圳市深信泰丰（集团）股份有限公司,通讯服务运营、数据与语音服务、通讯设备的研制、开发、生产与销售、软件开发、国内商业、物资供销业、进出口业务,,http://www.sxtf.com.cn,法人代表：晏群,,1982年6月1日,深圳市宝安区宝城23区大宝路风采轩5号楼社区服务中心三楼
深圳中恒华发股份有限公司,电子元器件制造业、物业租赁业,,http://www.hwafa.com.cn,法人代表：李中秋,,1992年5月1日,深圳市福田区华发北路411栋东座六层
深圳中华自行车(集团)股份有限公司,制造业、交通运输设备制造业,,http://www.cbc.com.cn,法人代表：罗桂友,,1984年8月24日,中国广东省深圳市龙华油松工业区中华工业园
海航集团有限公司,航空业，旅游业，金融服务业，房地产业，物流业,,http://www.hnagroup.com/,陈峰 （董事局主席、董事长） 谭向东 （首席执行官） 李先华（副董事长） 逯鹰（副董事长） 张岭（首席执行官）,,1998年4月16日,中国 海口 - 新海航大廈
深圳中冠纺织印染股份有限公司,制造业、纺织业,,http://www.chinaszvo.com,法人代表：胡永峰,,1984年4月1日,深圳市龙岗区葵涌镇白石岗葵鹏路26号
海隆软件,电子信息,1000（截止2010年末）,http://www.hyron.com/index.html,包叔平（ 董事長 兼 首席执行官 ）,,1989年4月,中国 上海 徐汇区 宜山路700号普天信息产业园
广州海鸥卫浴用品股份有限公司,金属制品业,,http://cn.seagullgroup.cn/,董事长 ：唐台英,,1958年,中国 广东省 广州市 番禺区 沙头街 禺山西路363号
芜湖海螺型材科技股份有限公司,建筑材料,3592人 [1],http://profile.conch.cn/,董事长 ： 万涌,,1996年10月16日 [1],中华人民共和国 安徽省 芜湖市 镜湖区 文化路39号芜湖海螺国际大酒店10-11层
海马汽车集团股份有限公司,交通运输设备制造业,,http://www.haima.com/,秦全权 、 景柱,,1992年1月,中国 海口 、 郑州 、 上海
海南海药股份有限公司,医药生物制品,,,,,,
海能达通信股份有限公司,电讯,"2,500 (2012) [1]","http://www.hytera.com,http://www.hytera.cn",陈清州（董事长兼总裁）,,1993,中国 深圳
深圳市海王生物工程股份有限公司,药品及医疗器械零售业,,http://www.neptunus.com,法人代表：张思民,,1992年12月13日,深圳市南山区郎山二路北海王技术中心科研大楼1栋
海信家電集團股份有限公司,電器 生產 及 銷售,,http://www.kelon.com/,董事長 ：湯業國 總經理 ：王士磊,,1984年 ，​34年前 ​（ 1984 ）,中国 廣東省 佛山市 順德區
海信集团有限公司,电器及电子,15776人,http://www.hisense.com/,周厚健 （董事长）,,1969年9月 ，​50年前 ​（ 1969-09 ）,中国 山东省 青岛市 市南区 东海西路 17号海信大厦
海南海德实业股份有限公司,房地产开发与经营业,,,,,,
浪潮集团,服务器 、 计算机 、 存储 、 特种计算机 、 資訊安全产品 、 网络 、 ERP 、 軟體,30000,http://www.inspur.com,孙丕恕 (董事长),,,中国 济南 高新区浪潮路1036号
杭州海康威视数字技术股份有限公司,视频监控,,http://www.hikvision.com,龚虹嘉 (创始人兼副董事长) 陈宗年 (董事长) 胡扬忠 (董事、总经理),,2001年,中華人民共和國 浙江省 杭州市
广东海印集团股份有限公司,综合类,,,董事長 ： 邵建明,,1992年,中国 广东省 广州市 越秀区 东湖西路 56-58号
泰豪集团有限公司,军工 、 电气 、 节能 环保 、 创投,,http://www.tellhow.cn/,,,1988年7月,中国
广州市浪奇实业股份有限公司,化学原料及化学制品制造业,596,http://www.lonkey.com.cn/,董事长 ：胡守斌,,1959年,中国 广东省 广州市 天河区 黄埔大道 东128号
浙江森马服饰股份有限公司,服装,,http://www.semirbiz.com/,邱光和 （ 法定代表人 ）,,1996年12月8日,中国 温州市 瓯海区 娄桥工业园南汇路98号
济南柴油机股份有限公司,普通机械制造业,,,,,,
洽洽食品股份有限公司,食品,,http://www.qiaqiafood.com,創辦人： 陳先保,,1999年,中国 安徽 合肥市 经济技术开发区莲花路1599号
泸州老窖股份有限公司,酒,,http://www.lzlj.com/,,,1950年,中国 四川 泸州
中国石化山东泰山石油股份有限公司,能源、材料和机械电子设备批发业,,,,,,
泰复实业股份有限公司,专用设备制造业,,,,,,
沈阳机床集团有限责任公司,机械制造业,1.8万人,http://www.smtcl.com/,董事长： 关锡友,,1995年12月,沈阳
河北鋼鐵集團有限公司,鋼鐵,13萬人,http://www.hbisco.com/,董事長 、 總經理 、黨委副 書記 ： 于勇 黨委書記、副董事長：彭兆豐,,2008年,中國 河北 石家莊
泛海控股股份有限公司,国内外投资开发项目，房地产业务及物业管理，资产管理，建筑设备、建筑装饰材料的购销，自有物业租赁,,http://www.fhjs.cn,董事长：韩晓生,,1989年5月9日,北京市东城区建国门内大街28号民生金融中心C座22层
沙河实业股份有限公司,房地产开发经营、国内商业、物资供销业、兴办实业,,http://www.shahe.cn/,法人代表 ：杨建达,,1991年12月20日,深圳市南山区沙河商城七楼
沈阳机床股份有限公司,普通机械制造业,,http://www.smtcl.com/,董事长： 关锡友,,1996年7月18日,沈阳
广东汤臣倍健生物科技股份有限公司,奶制品,,,,,2005年10月,中国 广东省广州市萝岗区科学城科学大道中99号科汇金谷3街3号
江门甘蔗化工厂（集团）股份有限公司,综合类,,,,,,
江西黑貓炭黑股份有限公司,製造與銷售業,"2,326人 [4]",http://www.jx-blackcat.com/,董事長 ：蔡景章 總經理 ：陳文星,,2001年7月12日,中國 江西省 景德鎮市 昌江區 歷堯村
江铃汽车股份有限公司,汽车制造,,http://www.jmc.com.cn,,,1993年,中国 江西省 南昌市
江苏国信,,"3,940人（2017年）",http://www.jsgx.net/jsgxgf,浦宝英 （董事长） 王晖 （监事会主席） 李宪强 [3] （总经理兼党支部书记）,,2003年6月16日 [1] [2],中國江苏省南京市 玄武区
湖南江南红箭股份有限公司,普通机械制造业,,,,,,
汉鼎信息科技股份有限公司,信息化 、 智能化,300人（2012年）,http://www.hakim.com.cn/,,,2002年,中国 浙江 杭州
安徽江南化工股份有限公司,制造业,,http://www.ahjnhg.com/,董事长 ： 郭曙光,,1998年,中国 安徽省 宣城市 宁国市 港口镇 分界山
汉王科技股份有限公司,电子业,,"http://www.hanwang.com.cn,http://www.hanvon.com/",刘迎建（总裁）,,1998年,北京市海淀区东北旺西路8号中关村软件园5号楼汉王大厦3层
四川汇源光通信股份有限公司,通信服务业,,,,,,
黄山永新股份有限公司,轻工 制造业,1900余人 [3],http://www.novel.com.cn,董事长 ： 孙毅,,2001年9月28日 [1],中华人民共和国 安徽省 黄山市 徽州区 徽州东路188号
福建永安林业（集团）股份有限公司,A03,,,,,,
民生投资管理股份有限公司,零售业,,,,,,
比亚迪股份有限公司,手機 充電池 ； 汽车 ； 汽车配件,,"http://www.byd.cn,http://www.bydauto.com",,,1995年,中华人民共和国 廣東省 深圳市 坪山區
武汉武商集团股份有限公司,零售业,,http://www.wushang.com.cn/,,,,
丹东欣泰电气股份有限公司,用电设备和技术解决方案,,http://www.xintaidianqi.com/,,,,中国
欢瑞世纪(东阳)影视传媒有限公司,厨房、卫生间用具及日用杂货批发,[1],http://www.hrcp.cn/office.php,钟君艳（董事长） 赵枳程（董事兼总经理） 洪丹丹（监事） 王玲（董事） 陈宋生（董事） 张俊平（监事会主席） 庄炜（董事） 陈亚兰（职工代表监事）,,1997年11月16日 ，​21年前 ​（ 1997-11-16 ） 重庆市涪陵区人民东路50号,重庆市涪陵区人民东路50号
安徽楚江科技新材料股份有限公司,有色金属 加工,4315人 [1],http://www.ahcjxc.com/,董事长 ： 姜纯,,2002年10月10日 [1],中国 安徽省 芜湖市 鸠江区 龙腾路88号
重庆桐君阁股份有限公司,医药制造业,,,,,,中国 重庆
东北电气发展股份有限公司,电器机械及器材制造业,,,,,,
山東晨鳴紙業集團股份有限公司,造紙,,http://www.chenmingpaper.com/,董事長 ：陳洪國,,1996年,中國 山東 壽光
暴风集团股份有限公司,互聯網 服務 视频分享网站,,http://www.baofeng.com/,,,,
方大集团股份有限公司,制造业、建筑用金属制品业、金属制品业,,http://www.fangda.com,法人代表：熊建明,,1995年12月13日,中华人民共和国深圳市南山区西丽龙井方大城科技大楼
昆明百货大楼（集团）股份有限公司,批发和零售贸易,,,,,,
深圳新都酒店股份有限公司,旅馆业、自有物业出租,,http://www.szcphotel.com,法人代表：李聚全,,1990年3月8日,深圳市春风路1号新都酒店24楼
珠海格力電器股份有限公司,電器,,http://www.gree.com.cn/,董事長 ： 董明珠 總裁 ：董明珠,,1989年 ，​30年前 ​（ 1989 ）,中国大陆 广东省 珠海市 香洲区 前山 金鸡西路
新蛋公司,电子计算机 硬件 软件 消费电子产品 制成品,"2,500 (2016) [2]","https://www.newegg.com/,http://www.newegg.cn/",Fred Chang (全球 CEO ),,2001年 ，​18年前 ​（ 2001 ）,"U.S. 工业市 (加利福尼亚州) （ 英语 ： City of Industry, California ）"
新大洲控股股份有限公司,交通运输设备制造业,,,,,,
新时代证券股份有限公司,金融业,,http://xsdzq.cn/,,,2003年6月 ，​16年前 ​（ 2003-06 ）,中国 北京市
新华联不动产股份有限公司,房地产开发与经营业,,,,,,
新华都实业集团股份有限公司,零售业,,http://www.nhd-mart.com/,董事长 ：金志国,,2004年,中国 福建省 福州市 五四路162号
攀钢集团钢铁钒钛股份有限公司,黑色金属冶炼及压延加工业,,,,,,
斯太尔动力,,105 (2009) [3],http://www.steyr-motors.com,[1],,2001,奥地利 施泰尔
攀鋼集團釩鈦資源股份有限公司,鋼鐵 、 釩 生產,,http://www.pgsv.com/,,,1993年,中國 四川 攀枝花
摩登大道时尚集团股份有限公司,服装 零售业,,http://www.modernavenuegroup.com/index.html,董事长 ：林永飞,,2002年,中国 广东省 广州市 天河区 黄埔大道 西638号富力科讯大厦1310房
北京探路者户外用品股份有限公司,户外用品,,http://www.toread.com.cn/,盛发强,,1999年,中国 北京市 昌平区 回龙观镇 金燕龙大厦 305室
振兴生化股份有限公司,医药制造业,,,法人代表：史跃武,,1993年12月 [1],太原市长治路227号高新国际大厦16层
中国振华(集团)科技股份有限公司,制造业,8805人（2016年） [1],http://www.czst.com.cn/,法人代表 ： 杨林,,1997年6月26日 [1],中华人民共和国 贵州省 贵阳市 乌当区 新添大道北段268号
招商局地產控股股份有限公司,房地產,,http://www.cmpd.cn/,董事長 ：林少斌,,1984年,中國 廣東 深圳
慈文传媒集团股份有限公司,電影 與 電視劇 製作和發行、藝人管理,,http://www.ciwen.com.cn,马中骏,,2000年,北京
德赛集团,,,http://www.desay.com,,,1983年,中国 广东省 惠州市 惠城区
深圳市怡亚通供应链股份有限公司,供应链,,,,,,中国
烟台张裕集团有限公司,酒,,http://www.changyu.com.cn/,,,1892年,中国 山东省 烟台市
张家界旅游集团股份有限公司,旅游业,,,,,,
深圳市德赛电池科技股份有限公司,制造业、电器机械及器材制造业,,http://www.desaybattery.com,法人代表：刘其,,1984年9月4日,深圳市南山区高新科技园南区高新南一道德赛科技大厦26楼
北京弘高创意建筑设计股份有限公司,高级建筑装饰设计与施工,,http://www.honggao.com.cn/,,,1993年10月,中国
西安开元投资集团股份有限公司,批发和零售贸易,,,,,,
河北建投能源投资股份有限公司,电力、蒸汽、热水的生产和供应业,,,,,,
深圳市康达尔（集团）股份有限公司,制造业、食品加工业、粮食及饲料加工业,,http://www.kondarl.com,法人代表：罗爱华,,1994年9月17日,深圳市罗湖区深南东路1086号集浩大厦二、三楼
深圳市广聚能源股份有限公司,能源、材料和机械电子设备批发业,,http://www.gj000096.com,法人代表：张桂泉,,1999年2月18日,深圳市南山区海德三道天利中央商务广场22楼
广州市广百股份有限公司,百货零售业务,,http://www.grandbuy.com.cn,,,1990年,中国 广东省 广州市 越秀区 西湖路 12号
广州广电运通金融电子股份有限公司,专用设备制造业,,http://www.grgbanking.com/,董事长 ：黄跃珍,,1999年,中国 广东省 广州市 萝岗区 科学城 科林路9号
广东广弘控股股份有限公司,屠宰及肉类蛋类加工业,,,董事长 ：聂周荣,,1992年,中国 广东省 广州市 天河区 广州大道 北路520号
康佳集团股份有限公司,电子电器制造业、 房地产 开发,"17,822人（2017年）",http://www.konka.com/,董事局主席 、 党委书记 ： 刘凤喜 总裁 ：周彬,,1980年5月21日 ，​39年前 ​（ 1980-05-21 ）,中国 广东省 深圳市 南山区 粤海街道 科技园 科技南十二路28号康佳研发大厦15-24层
類型,,,,,,,
广州恒运企业集团股份有限公司,电力生产业,,http://58.62.125.197:8080//,董事長 、 党委书记 ：郭晓光,,1987年,中国 广东省 广州市 萝岗区 西基工业区西基路
广州东凌粮油股份有限公司,植物油加工业,545,http://www.dongling.cn/cn/index.aspx,董事長 ：侯勋田,,1998年,中国 广东省 广州市 南沙区 万顷沙镇 红安路3号
天津广宇发展股份有限公司,房地产开发与经营业,,,,,,
广夏(银川)实业股份有限公司,生物制品业,,,,,,
广发证券股份有限公司,综合类证券公司,,http://www.gf.com.cn,,,1991年,中国 广东省 广州市 天河区 天河北路 183-187号 大都会广场43楼(4301-4316房)
广东电力发展股份有限公司,电力、蒸汽、热水的生产和供应业,,,,,,
广东宝利来投资股份有限公司,信息技术,,,董事长：周瑞堂,,1998年10月11日,深圳
常柴股份有限公司,普通机械制造业,,,,,,
广东万家乐股份有限公司,电器机械及器材制造业,,,,,,
山東墨龍石油機械股份有限公司,石油 機械,,http://www.molonggroup.com/,董事長 ：張恩榮,,1987年,中國 山東 壽光
石家庄常山北明科技股份有限公司,综合性IT解决方案和云计算服务,,http://www.changshantex.com,法人代表：汤彰明,,1998年12月29日,河北省石家庄市和平东路183号
川化股份有限公司,化学原料及化学制品制造业,,http://www.scwltd.com,法人代表：陈晓军,,1997年10月20日,四川省成都市青白江区大弯镇团结路311号
山东胜利股份有限公司,药物制造、房地产开发、股权投资,,http://www.vicome.com,法人代表：王鹏,,1994年5月11日,山东省济南市高新区天辰大街2238号
山东航空,,,http://www.shandongair.com.cn/,,,,
無錫小天鵝股份有限公司,電器,,https://www.littleswan.com/,,,中国 江蘇省 （1968年 ( 1968 ) ）,中国 江蘇省 無錫市 國家高新技術開發區長江南路18號
富奥汽车零部件股份有限公司,汽车零部件及相关产品、进出口业务、设备及工艺装备的设计、制造及相关服务、租赁业务、物业服务业务、仓储和配送业务及相关服务,,,法人代表：滕铁骑,,1993年6月7日,吉林省长春市汽车产业开发区东风南街777号
宝安鸿基地产集团股份有限公司,房地产、国内商业、物资供销业、装卸运输货物、仓储、自有物业管理、自营进出口业务、出租客运,,http://www.bahjdc.com,法人代表：陈泰泉,,1994年8月8日,深圳市罗湖区东门中路1011号鸿基大厦25—27楼
石家庄宝石电子玻璃股份有限公司,电子业,,,,,,
宜华地产股份有限公司,房地产开发与经营业,,"http://www.yihuarealestate.com,/wiki/Wikipedia:%E5%A4%B1%E6%95%88%E9%93%BE%E6%8E%A5",法人代表：刘绍生,,1993年2月19日,广东省汕头市澄海区文冠路口右侧宜都花园
安徽海螺集团有限责任公司,制造业,,http://www.chinaconch.com/,董事长 ： 高登榜,,1996年9月,中国 安徽省 芜湖市 文化路39号
安徽安纳达钛业股份有限公司,化学工业,713人 [1],http://www.andty.com,董事长 ： 陈书勤,,2005年3月23日 [1],中华人民共和国 安徽省 铜陵市 铜官区 铜官大道南段1288号
完美世界,,,"http://www.wanmei.com/,http://perfectworld.com/,http://pwrd.com/,http://pwrd.com/en/index.html","Game: 鲁晓寅 总裁 王雨蕴 高级副总裁 , 发言人 刘永基 董事 萧泓 董事 魏松 董事 张云帆 董事 施丹丹 独立董事 阙里 副总统 企业战略与投资 曾映雪 副总经理 , 财务总监 Film: 谌荣 高级副总裁 , 首席执行官 包世宏 制片人 郭靖宇 制片人 何静 制片人 吴玉江 制片人 孙允亭 编剧 , 制片人 刘江 导演 黄怡玫 双语编剧 赵宝刚 导演 , 代表人物 丁芯 演员 , 经纪人 滕华涛 导演 钱雁秋 导演 , 编剧 , 演员 吴玉江 总监 , 制片人 Game and Film: 廉洁 完美世界联席 CEO , 完美世界影视董事长 CEO 王巍巍 董事会秘书 , 副总经理 Education: 孙斌 高级总监 王雨蕴 董事长",,2004年3月,"中国大陆 北京市 成都 重庆 美國 红木城 , 加利福尼亚 香港"
安徽安科生物工程（集团）股份有限公司,医药 制造业,1546人 [1],http://www.ankebio.com/,董事长 ： 宋礼华,,2000年9月28日,中华人民共和国 安徽省 合肥市 长江西路669号高新区海关路K-1
安徽国元控股（集团）有限责任公司,金融业,6000多人 [3],http://www.ahgykg.com/,董事长 ： 李工 [1],,2000年12月30日,中华人民共和国 安徽省 合肥市 梅山路18号国元大厦
连云港如意集团股份有限公司,进出口贸易业务,,,,,,
无锡威孚高科技集团股份有限公司,普通机械制造业,,,,,,
奥飞娱乐股份有限公司 ,,,http://www.gdalpha.com,,,1993年12月 ( 1993-12 ),中华人民共和国 广东省汕头市澄海区文冠路中段奥迪工业园
山西太钢不锈钢,鋼鐵製造,,http://tgbx.tisco.com.cn,张志方 （董事长） 高建兵 （副董事长、 总经理）,,1998年,中國山西省太原市
安徽安凯汽车股份有限公司,汽车制造,"约3,000名",http://www.ankai.com/,戴茂方,,1997年,中国 安徽省 合肥市 葛淝路1号
深圳市太光电信股份有限公司,通信及相关设备制造业,,,,,,
天马微电子股份有限公司,电子 、 半导体,,http://www.tianma.cn,陈宏良 （ 法定代表人 ）,,1983年11月8日,中国 深圳市 南山区 马家龙金龙工业城64栋7楼
内蒙古天首科技发展股份有限公司,仪器仪表及文化、办公用机械制造业,,,,,,
天茂实业集团股份有限公司,化学原料及化学制品制造业,,,,,,
天津泰達股份有限公司,綜合企業,,http://www.tedastock.com/,董事長 ：劉惠文,,1992年,中國 天津
新疆天康控股（集团）有限公司,生物制药、饲料、蛋白油脂、食品养殖,,http://www.tcsw.com.cn,,,1993年 ( 1993 ),新疆乌鲁木齐市高新区长春南路528号天康企业大厦
深圳市天健（集团）股份有限公司,建筑业,,http://www.tagen.cn,法人代表： 辛杰,,1993年12月6日,中华人民共和国 广东省 深圳市 福田区 滨河大道 5020号证券大厦
深圳一致药业股份有限公司,药品及医疗器械批发业；食品、饮料、烟草和家庭用品批发业,,http://www.szaccord.com.cn,法人代表：林兆雄,,1986年8月2日,广东省深圳市福田区八卦四路15号一致药业大厦
天津国恒铁路控股股份有限公司,能源、材料和机械电子设备批发业,,,,,,
國信證券股份有限公司,投資銀行 、 证券业,"11,579 (2011)",http://www.guosen.com.cn/,董事長 ：何如,,1994年,中國 深圳
国新健康保障服务集团股份有限公司,健康保障服务,,,,,,海口市文华路18号文华大酒店七层
国元证券股份有限公司,金融业,,http://www.gyzq.com.cn/,董事长： 蔡咏 总裁： 俞仕新,,2001年10月,中华人民共和国 安徽省 合肥市 梅山路18号安徽国际金融中心A座
四环药业股份有限公司,制药业,,,,,,
江苏四环生物股份有限公司,生物制品业,,,,,,
国海证券股份有限公司,金融业,,,,,1988年 ，​31年前 ​（ 1988 ）,中国 广西自治区 南宁市
浙江唐德影视股份有限公司,電視劇 製作 和 發行,,http://www.tangde.com.cn,赵薇 、 范冰冰,,2005年10月,注册地址： 中国 浙江省 东阳市 浙江横店影视产业实验区 C3-028 办公地址： 中国 北京市 海淀区 花园路16号
名流置业集团股份有限公司,房地产开发与经营业,,,,,,
浙江核新同花顺网络信息股份有限公司,服务业,,http://www.10jqka.com.cn/,董事长 ： 易峥,,2001年8月24日,中国 浙江省 杭州市 余杭区 同顺路18号 [1]
吉林敖東藥業集團股份有限公司,醫藥,,http://www.jlaod.com/,董事長 ：李秀林,,1993年,中國 吉林 敦化
吉林化纤股份有限公司,化学纤维制造业,,,,,,
吉林制药股份有限公司,医药制造业,,,,,,
龍大肉食,食品产业,1852人（2013年末） [2],http://www.longdameat.com/,,,2003年7月9日,中华人民共和国 山东省 莱阳市食品工业园龍大區
黄山永佳（集团）有限公司,投资,4000余人 [1],http://www.yongjiachina.com/,党委书记、总经理：苏立功,,1994年 [1],中华人民共和国 安徽省 黄山市
青海鹽湖鉀肥股份有限公司,化肥,,http://www.yhjf.com/,董事長 ：鄭長山,,1997年,中國 青海 格爾木 察爾汗
鲁能集团,电力 ， 房地产 ， 铝业,,http://www.luneng.com/,执行董事兼总经理：刘宇,,,中国 济南市 经三路16号
江苏鱼跃医疗设备股份有限公司,医疗器械制造业,"4,870人（2018年） [1]",http://www.yuyue.com.cn,吴光明 （董事长）,,1998年10月22日,中华人民共和国 江苏省 丹阳市 云阳工业园（振新路南）
鹽田國際集裝箱碼頭有限公司,港口集裝箱業,,http://www.yict.com.cn/,,,2004年,中國深圳市鹽田區
深圳飞亚达(集团)股份有限公司,生产经营计时工具、国内商业、物资供销、物业管理、自营进出口业务,,http://www.fiytagroup.com,法人代表：吴光权,,1987年,深圳市南山区高新南一道飞亚达科技大厦20楼
广州市香雪制药股份有限公司,医药 制造业,,http://www.xphcn.com/,,,1986年（广州萝岗制药厂）,中国 广东省 广州市 黄埔区 （ 广州经济技术开发区 ） 广州科学城 金峰园路2号
成都高新发展股份有限公司,房地产开发与经营业,,,,,,
广东风华高科技股份有限公司,电子元器件制造业,,,,,,
鞍鋼股份有限公司,鋼鐵,,http://www.ansteel.com.cn,董事長 ：马俊,,1997年,中國 遼寧 鞍山
顺发恒业股份公司,房地产开发与经营业,,,,,,
青海互助青稞酒股份有限公司,食品饮料,2200余人 [2],http://www.qkj.com.cn/,董事长 ： 李银会,,2005年1月27日,中国 青海省 海东市 互助土族自治县 威远镇西大街6号
甘肃靖远煤电股份有限公司,煤炭采选业,,,,,,
青海明胶股份有限公司,化学原料及化学制品制造业,,,,,,
广东韶能集团股份有限公司,电力、蒸汽、热水的生产和供应业,,,,,,
深圳雷柏科技股份有限公司,鼠标 、 键盘 、 工模具 、 电脑软件开发,,http://www.rapoo.com,曾浩 (董事长) 曾浩(总经理 ),,1956年,广东省 深圳市 坪山新区 坑梓街道 锦绣东路22号
雲南銅業股份有限公司,銅 業,,http://www.yunnan-copper.com/,董事長 ：劉才明,,1958年,中國 雲南 昆明
雲南錫業集團(控股)有限公司,金屬,,http://www.ytl.com.cn/,董事長 ：雷毅,,1998年,中國 雲南 昆明
阿里巴巴集團,B2B 貿易 、 網上零售 、 購物搜索引擎 、 第三方支付 、 雲計算 服務等,"66,421 (2018年3月31日)","//news.alibaba.com/specials/aboutalibaba/aligroup/index.html,http://page.china.alibaba.com/shtml/about/ali_group1.shtml",,,1999年,中华人民共和国 杭州市 滨江区 网商路699号
阳光新业地产股份有限公司,房地产开发与经营业,,,,,,
长虹美菱股份有限公司,制造业,,http://www.meiling.com/,董事长 ： 李伟,,1992年,中国 安徽省 合肥市 经济技术开发区莲花路2163号
长航凤凰股份有限公司,水上运输业,,,,,,
雅本化学,化工,"1,073 [2]",http://www.abachem.cn/en,蔡彤 ( 董事长 ),,2006年 ，​13年前 ​（ 2006 ） [1],中国 江苏 太仓 [2]
长春高新技术产业（集团）股份有限公司,生物制品业,,,,,,
中国长城计算机深圳股份有限公司,计算机及相关设备制造业,,http://www.greatwall.cn,法人代表：杜和平,,1997年6月19日,深圳市南山区科技园长城计算机大厦
中国长安汽车集团股份有限公司,汽车,,http://www.changan.com.cn,,,1862年,中国 重庆市
长城影视股份有限公司,電視劇 製作和發行,,http://www.chinaccys.com,,,2000年,中国 浙江省 杭州市 西湖区 文二西路 683号 西溪创意产业园 西区
深圳市长城投资控股股份有限公司,房地产开发、商品房销售、管理、承接建筑安装工程及房产租赁,,http://www.cctzkg.com,法人代表：朱新宏,,1994年9月13日,深圳市福田区百花五路长源楼
長江證券股份公司,證券,,https://www.95579.com/,董事長 ： 李新华,,1988年,中國 湖北 武漢
芜湖长信科技股份有限公司,显示科技,,http://www.token-ito.com/cn/,,,,中国 安徽省 芜湖市 鸠江区 经济技术开发区汽经二路
深圳长城开发科技股份有限公司,电子产品研发制造型企业,,,,,1985年7月4日 ( 1985-07-04 ),中国 深圳市 福田区 彩田路7006号
铜陵化学工业集团有限公司,化学工业,7000余人 [2],http://www.tlchem.com.cn/,董事长 ： 陈嘉生,,1991年,中华人民共和国 安徽省 铜陵市 翠湖1路2758号
广东银禧科技股份有限公司,PVC,,http://www.silverage.cn,,,,中国 广东省 东莞市
厦门银润投资股份有限公司,综合类,,,,,,
沈阳银基发展股份有限公司,房地产开发与经营业,,,,,,
金風科技 ,風力發電,"6,000 （2012年）",http://www.goldwindglobal.com,武钢 ( CEO ) David Halligan （Goldwind Americas， 首席執行官 ）,,1998年,中国 新疆 烏魯木齊
广东金马旅游集团股份有限公司,通信服务业,,,,,,
銅陵有色金屬集團控股有限公司,金屬,,http://www.tnmg.com.cn/,董事長 及 總經理 ：韋江宏,,1949年,中國 安徽 銅陵
四川金路集团股份有限公司,化学原料及化学制品制造业,,,,,,
金谷源控股股份有限公司,有色金属矿采选业,,,法人代表：路联,,1996年6月25日,河北省邯郸市峰峰矿区彭城镇彭东街9号
金融街控股股份有限公司,房地產,,http://www.jrjkg.com.cn/,董事長 ：王功偉,,1996年,中國 北京
金科地产集团股份有限公司,房地产开发与经营业,,,,,,
山东金岭矿业股份有限公司,黑色金属矿采选业,,,,,,
金叶珠宝股份有限公司,家具制造业,,,,,,
重庆市涪陵榨菜集团股份有限公司,食品,,http://www.flzc.com,,,1950年,中国 重庆市 涪陵区 江北街道 办事处二渡村一组
远光软件股份有限公司,信息技术,,http://www.ygsoft.com/,董事长： 陈利浩 总裁： 黄建元,,1998年,中国 广东省 珠海市
通化金马药业集团股份有限公司,制药业,,http://www.thjm.cn/,闫永明 （前董事长，出逃后回国自首） [1],,1990年（前身） 1993年2月26日（工商注册日期）,中国 吉林省 通化市 东昌区 江南路100-1号
辽宁华锦通达化工股份有限公司,制造业、石油加工及炼焦业,,,法人代表：刘云文,,1997年1月23日,辽宁省盘锦市双台子区红旗大街
中山大学达安基因股份有限公司,生物药品制造业,,http://www.daangene.com/,,,1988年,中国 广东省 广州市 高新区科学城香山路19号
北京赛迪传媒投资股份有限公司,出版业,,,,,,
深圳市赛格达声股份有限公司,房地产开发,,,董事长：李成碧,,1988年11月21日,深圳
迈瑞医疗国际有限公司,医疗器械,"7,500 （2019年） [1]",http://www.mindray.com/,李西廷，联席首席执行官 徐航，董事局主席 成明和，常务副总裁,,1991年,中华人民共和国 廣東省 深圳市
深圳赛格股份有限公司,零售业,368,http://www.segcl.com.cn,法人代表：孙盛典,,1984年8月23日,中国 广东省 深圳市 福田区 华强北路02号 赛格广场 61-62楼
深圳市赛为智能股份有限公司,服务业,,http://www.szsunwin.com/,董事长 ： 周勇,,1997年,中华人民共和国 广东省 深圳市 南山区
深圳市赛格三星股份有限公司,电子元器件制造业,,http://www.ssg.com.cn,法人代表：胡建平,,1997年6月6日,深圳市大工业区兰竹东路23号
贵州轮胎股份有限公司,橡胶制造业,,,,,,
贝达药业,医药,,http://www.bettapharma.com,,,2003年,中国
哈尔滨誉衡药业股份有限公司,医药,2640人 [2],http://www.gloria.cc/,董事长 ： 朱吉满,,2000年3月27日,中国 黑龙江省 哈尔滨市 利民经济技术开发区北京路29号
视觉（中国）文化发展股份有限公司,出版 、 大眾媒體 、 網頁設計,,"https://www.vcg.com/,http://www.cfp.cn/",,,2012年12月10日,中国 天津 武清 开发区福源道18号520-80（集中办公区）
西王食品股份有限公司,食品加工业,,,,,,
西山煤電集團有限公司,焦煤,,http://www.xsmd.com.cn/,董事長 ：薛道成 总经理 ：王玉宝,,1956年,中國 山西 太原 万柏林区西矿街335号
西安旅游股份有限公司,旅游业,,,,,,
西南证券股份有限公司,证券,,http://www.swsc.com.cn/,,,1999年,中国 重庆
西北轴承股份有限公司,普通机械制造业,,,,,,
浙江華策影視股份有限公司,影視劇製作、藝人培訓、院線經營、廣告製作,,http://www.huacemedia.com,,,2005年10月,中国 浙江省 杭州市 文二西路 683号西溪创意产业园区C区
华夏航空,,,http://www.chinaexpressair.com,,,,
莱茵达置业股份有限公司,房地产开发与经营业,,,,,,
荣安地产股份有限公司,房地产开发与经营业,,,,,,
南京药石科技股份有限公司,医药生物,427人 [2],http://www.pharmablock.com/,董事长 ： 杨民民,,2006年12月,中国 江苏省 南京市 浦口区 高新技术产业开发区学府路10号
荣丰控股集团股份有限公司,房地产开发与经营业,,,,,,
茂名石化实华股份有限公司,石油加工及炼焦业,,,,,,
宁夏英力特化工股份有限公司,化学原料及化学制品制造业,,,,,,
浙江英特集团股份有限公司,食品、饮料、烟草和家庭用品批发业,,,,,,
浙江苏泊尔股份有限公司,家电产品,,http://www.lesso.com/,,,1994 年,中国 浙江杭州市滨江区江晖路1772号苏泊尔大厦17楼
苏州银行股份有限公司,金融业,,http://www.suzhoubank.com/,董事长 ：王蘭鳳,,1998年12月17日江苏东吴农村商业银行成立 2010年9月28日改建为苏州银行,中国 江苏省 苏州市 工业园区 钟园路 728号苏州银行总行大厦
苏宁环球股份有限公司,房地产 建筑材料,,http://www.suning-universal.com,,,1987年,南京
騰訊科技股份有限公司,互聯網,"40,678人（2017年上半年） [2]","https://www.tencent.com/,https://www.wikidata.org/wiki/Q860580#P856",,,1998年11月11日,中國 廣東省 深圳市 南山區海天二路33號 騰訊濱海大廈
苏宁易购,零售,"180,000人（2018年）",http://www.suning.cn,,,1990年12月 ( 1990-12 ),中国 江苏省 南京市 玄武区 苏宁大道（徐庄软件园）1号
芒果超媒股份有限公司,新媒体产业,1309人（2016年）,,张华立 （ 董事長 ） 蔡怀军 （ 總經理 ） 梁德平 （ 財務總監 ）,,2005年12月28日 ，​13年前 ​（ 2005-12-28 ）,中国 湖南省 長沙市 金鹰影视文化城
美特斯邦威,時裝業,,http://www.metersbonwe.com/,董事長 / 執行總裁 ： 周成建,,1995年,中国 上海市 浦东新区 康桥镇 康桥东路800号
山西美锦能源股份有限公司,煤炭化工,,,,,2007年（借殼上市）,中國山西省太原市
美的集團,電器,108000名員工（2014年）,http://www.midea.com/global/,方洪波,,中国 廣東省 （1968年 ( 1968 ) ）,中国 廣東省 佛山市 順德區 北滘 美的大道6號美的工業城總部大樓
北京神州绿盟信息安全科技有限公司,信息安全服务,约2000人,http://www.nsfocus.com,沈继业,,2000年,中国 北京
"Wangsu Science & Technology Co., Ltd (网宿科技股份有限公司)",,"2,846 [2]",http://www.wangsu.com/,"Chengyan Liu [1] (CEO, President) Ke Hong (Vice Chairman, Vice President, CTO) Qian Xiao Vice President, CFO Liping Zhou Vice President, Secretary Minjian Chu Vice President, Director",,2000年 ( 2000 ),中国 北京
绿景控股股份有限公司,房地产开发与经营业,89,,董事長 ：余斌,,1988年,中国 广东省 广州市 天河区 林和中路 8号海航大厦35楼3505房
北京绵世投资集团股份有限公司,房地产开发与经营业,,,,,,
经纬纺织机械股份有限公司,纺织机械,,http://www.jwme.com/,总经理 ：吴旭东,,1951年,中国 山西
紫光国微,电子,,http://www.gosinoic.com,赵伟国 （ 法定代表人 ）,,2001年9月,中国 北京市 海淀区 王庄路1号清华同方科技广场D座西区15层
紫光古汉集团股份有限公司,医药制造业,,http://www.guhan.com/,,,,
索芙特股份有限公司,化学原料及化学制品制造业,,,,,,
东莞宏远工业区股份有限公司,房地产开发与经营业,,,,,,
第一创业证券股份有限公司,金融业,,,刘学民 （ 董事长 ） 钱龙海 （ 总裁 ） 马东军 （ 财务总监 ）,,1998年1月12日 ，​21年前 ​（ 1998-01-12 ）,中国 广东省 深圳市 福田区 福华一路115号投行大厦20楼
江苏秀强玻璃工艺股份有限公司,玻璃产品研发与生产,,http://www.jsxq.com/,,,1999年,中国
神州高铁技术股份有限公司,交通运营维修,18663,http://www.shenzhou-gaotie.com/,董事长：王志全,,1991年6月1日,北京市海淀区高梁桥斜街59号院1号楼16层1606
科大讯飞股份有限公司,信息技术,5940人 [2],http://www.iflytek.com/,董事长 ： 刘庆峰,,1999年12月30日,中国 安徽省 合肥市 蜀山区 高新开发区 望江西路666号
神州学人集团股份有限公司,通信及相关设备制造业,,,,,,
安徽神剑新材料股份有限公司,化工,,http://www.shen-jian.com/,董事长 ： 刘志坚,,2002年4月18日,中国 安徽省 芜湖市 鸠江区 经济技术开发区保顺路8号
神州数码集团股份有限公司,批发零售,,http://www.digitalchina.com/,董事长 ： 郭为,,2000年,中国 广东省 深圳市
盛达矿业股份有限公司,有色金属矿采选业,,,,,,
广东省广告集团股份有限公司,广告 服务业,,http://www.gimc.cn/,董事长 ： 陈钿隆,,1979年,中华人民共和国 广东省 广州市 海珠区 新港东路996号保利世界贸易中心G座
安徽皖通科技股份有限公司,信息服务,,http://www.wantong-tech.net/,董事长 ： 周发展,,1999年,中国 安徽省 合肥市 蜀山区 高新区皖水路589号
深圳市盐田港股份有限公司,港口业、交通运输辅助业,544,http://www.yantian-port.com,法定代表人 ：李冰,,1997年7月21日,中国 广东省 深圳市 盐田区 盐田港海港大厦十七层--二十层
皖能股份有限公司,电力、蒸汽、热水的生产和供应业,,,,,,
申通快递,快递,,http://site.sto.cn/,,,1993年 ( 1993 ) 中國 上海市,中國 上海市 青浦区 赵重公路1888号
厦门瑞尔特卫浴科技股份有限公司,卫浴产品研发与生产,,http://www.rtplumbing.com/,,,1999年,中国
申万宏源集團股份有限公司,證券,,http://www.sywg.com,李剑阁 （ 董事長 ） 储晓明 （ 总裁 ）,,1996年9月16日（申银万国成立）,中国 上海市 徐汇区 长乐路 989号世纪商贸广场45层
珠海港股份有限公司,综合类,,http://www.0507.com.cn,欧辉生（董事长）,,1986年6月20日,中华人民共和国 广东省 珠海市 高栏港经济区
珠海中富实业股份有限公司,塑料制造业,,,陈志俊（董事长）,,1985年12月18日,中国 广东省 珠海市
海南珠江控股股份有限公司,房地产业,,,,,,
广州珠江啤酒股份有限公司,啤酒的生产和销售,,http://www.zhujiangbeer.com,,,,中国 广东省 广州市 海珠区 新港东路 磨碟沙大街118号
獐子岛集团股份有限公司,,,http://www.zhangzidao.com/,,,,辽宁省 大连市 长海县 獐子岛镇
深圳市特发信息股份有限公司,通信及相关设备制造,,http://www.sdgi.com.cn,法人代表：王宝,,1999年7月29日,深圳市南山区科技工业园科丰路2号通讯大厦
北京燕京啤酒股份有限公司,啤酒,,http://www.yanjing.com.cn,董事長 ： 李福成,,1997年,中国 北京市 顺义区 双河路9号
江西煌上煌集團食品股份有限公司,畜禽肉制品加工,,http://jxhsh.com.cn,,,1993年 ( 1993 ),
濰柴動力股份有限公司,柴油 發動機,,http://www.weichai.com/,董事長 ：譚旭光,,1946年,中國 山東省 潍坊市
陕西烽火电子股份有限公司,通信及相关设备制造业,,,,,,
焦作万方铝业股份有限公司,有色金属冶炼及压延加工业,,,,,,
湖南投资集团股份有限公司,交通运输辅助业,,,,,,
湖北省广播电视信息网络股份有限公司,,,,,,,
湖北金环股份有限公司,化学纤维制造业,,,,,,
湖北宜化化工股份有限公司,化肥 、 化工 、 热电,,http://www.hbyh.cn/,党委书记 、 董事长 、 总经理 ：蒋远华,,1992年,注册地址： 湖北省 宜昌市 猇亭大道399号 办公地址：湖北省宜昌市沿江大道52号
广东温氏食品集团股份有限公司,农业养殖,,http://www.wens.com.cn/,,,,中国
游族网络股份有限公司,游戏开发者 和 電子遊戲發行商,,"/wiki/%E4%B8%AD%E5%8D%8E%E4%BA%BA%E6%B0%91%E5%85%B1%E5%92%8C%E5%9B%BD,http://www.youzu.com/,http://www.gtarcade.com/",,,2009 [1],
重庆渝开发股份有限公司,J,,,,,,
渤海金控投资股份有限公司,租賃,,,,,,
沈阳合金投资股份有限公司,综合类,,,,,,
合肥百货大楼集团股份有限公司,零售业,,http://www.hfbh.com.cn,,,1993年10月9日 [1],
合肥城建发展股份有限公司,房地产,198人 [2],http://www.hucd.cn/,董事长 ： 王晓毅,,1999年9月7日,中华人民共和国 安徽省 合肥市 蜀山区 潜山路100号琥珀五环国际A座10-14层
安徽古井贡酒股份有限公司,制造业,,http://www.gujing.com,董事长 ： 梁金辉,,1996年5月30日,中华人民共和国 安徽省 亳州市 古井镇
安徽省司尔特肥业股份有限公司,制造业,,http://www.sierte.com/,董事长 ： 金国清,,1997年11月,中国 安徽省 宣城市 宁国市 经济技术开发区
双星集团有限责任公司,橡胶制造业,,http://www.doublestar.com.cn/,,,,中国 青岛
南风化工集团股份有限公司,,,http://www.nafine.com/,,,1996年,中國 山西省 运城市
江西博雅生物制药股份有限公司,生物制药,,,,,1993年11月6日,中国 江西省 抚州市 高新技术产业园区惠泉路333号
南京红太阳股份有限公司,化学原料及化学制品制造业,,,,,,
南京港,,,,,,,
华闻传媒投资集团股份有限公司,文化传播,,http://www.000793.com/,董事长： 汪方怀 总裁： 王源,,1991年9月,中华人民共和国 海南省 海口市 海甸四东路民生大厦
华联控股股份有限公司,投资兴办实业，生产经营各种布料、服装、化纤和纺织机械，国内商业、物资供销业，自有物业管理，承接内引外联，“三来一补”业务,,http://www.udcgroup.com,法人代表：董炳根,,1989年9月11日,深圳市深南中路2008号华联大厦11层1103室
华润三九医药股份有限公司,,,http://www.999.com.cn,,,1999年,中国 广东省 深圳市 龙华新区 观澜街道 高新园区观清路1号
华林证券股份有限公司,金融业 -资本市场服务- 投资银行 与经纪业,,http://www.chinalin.com,林立（ 董事长 、 总裁 ）,,1997年6月18日,注册： 中国 西藏自治区 拉萨市 柳梧新区察古大道1-1号君泰国际B栋一层3号 实际： 中国 深圳市 福田区 民田路178号华融大厦6楼
浙江华智控股股份有限公司,仪器仪表及文化、办公用机械制造业,,,,,,
华映科技（集团）股份有限公司,电子元器件制造业,,,,,,
深圳市华新股份有限公司,商业,,,董事长：严立虎,,1988年12月30日,深圳
华意压缩机股份有限公司,专用设备制造业,,http://www.hua-yi.cn,法人代表：刘体斌,,1996年6月13日,江西省景德镇市高新区长虹大道1号
深圳华强集团有限公司,电子元器件、高科技旅游娱乐等,,http://www.szhq.com/,,,1979年,中国 广东省 深圳市 福田区 深南中路华强路口
北京华录百纳影视股份有限公司,电影、电视剧、动画片的策划投资、制作、发行,,,,,2002年,北京市 石景山区西井路3号崇新大厦4号楼六层
深圳华强实业股份有限公司,日用电子器具制造业、制造业,,https://web.archive.org/web/20160722014648/http://www.szhq0062.com/,法人代表：胡新安,,1994年1月19日,深圳市福田区深南中路华强1号楼7层
华天酒店集团股份有限公司,社会服务业,,http://www.huatian-hotel.com,,,,
华塑控股股份有限公司,塑料制造业,,,,,,
华数传媒控股股份有限公司,信息传播服务业,,http://www.wasu.com/,法人代表：励怡青,,1994年6月30日,中国 杭州市滨江区江南大道3850号创新大厦15楼1505室
深圳华大基因科技有限公司（BGI）,基因测序,,"http://bgi.com/,http://www.genomics.cn/en/",杨焕明 (Chairman) Wang Jian (President) Mu Feng (rotating CEO) Yang Shuang (COO),,1999年9月9日9:09:09 (Beijing),
安徽华信国际控股股份有限公司,化学工业,,http://www.huaxingchem.com/,董事长 ： 李勇,,1998年2月13日,中国 安徽省 马鞍山市 和县 乌江镇
华东医药股份有限公司,药品制造、分销和 零售,,http://www.eastchinapharm.com/,董事长 兼 总经理 ：李邦良 财务总监 ：马红兰,,1952年（实际） 1999年（名义） 中国 杭州,中国 浙江省 杭州市 拱墅区 莫干山路866号
千山製藥機械股份有限公司,製藥機械业,,,朱兆服、劉祥華,,2002年,长沙经开区 （ 星沙 ）盼盼路9号（梨江路）
北海港股份有限公司,交通运输辅助业,,,,,,
汇川技术股份有限公司,工业自动化、新能源、自动化,,http://www.inovance.cn/,,,2003年,中国 深圳市 宝安区新安街道留仙二路鸿威工业园E栋厂房1、2、3、4、5楼 [1]
北方国际合作股份有限公司,土木工程建筑业,,http://www.norinco-intl.com,法人代表：胡发荣,,1997年6月17日,北京市广安门内大街338号港中旅大厦11层
華僑城集團公司,旅游 及 文化,,http://www.chinaoct.com/,董事長 ： 任克雷,,1985年 ，​34年前 ​（ 1985 ）,中国 广东省 深圳市 南山区 华侨城集团办公大楼（將遷入西側的 華僑城大廈 54-58樓）
力合股份有限公司,综合类,,,,,,
创元科技股份有限公司,普通机械制造业,,,,,,
唐山冀东水泥股份有限公司,非金属矿物制品业、水泥制造业,,http://www.jdsn.com.cn,法人代表：张增光,,1994年5月8日,河北省唐山市丰润区林荫路
创维集团有限公司,电子科技产品,逾3万5千名员工,http://www.skyworth.com,董事会主席 賴偉德 总裁 劉棠枝,,1988年 ，​31年前 ​（ 1988 ）,中国 广东省 深圳市 南山 高新科技园区
全聚德,,,http://www.quanjude.com.cn/,楊福來,,1864年， 北京 东城区前门大街30号（总店）,中国 北京
内蒙古兴业矿业股份有限公司,有色金属矿采选业,,,,,,
成都市兴蓉投资股份有限公司,公共设施服务业,,,,,,
珠海全志科技股份有限公司,,,http://www.allwinnertech.com/,,,2007年,中華人民共和国 ， 廣東省 珠海市
克明麵業 ,農業、輕工業,2000+,http://www.kemen.cn/,,,1984年,中华人民共和国 湖南省 益阳市
吉林光华控股集团股份有限公司,房地产开发与经营业,,,,,,
光线传媒有限公司,演唱会、电影与电视剧制作和发行、艺人管理,400+,,王长田,,1998年,中国 北京
供銷大集集團股份有限公司,批发和零售贸易,,,,,,
佛山电器照明股份有限公司,电器机械及器材制造业,,,,,1958,
浙江伟星实业发展股份有限公司,纺织品辅料,7552人 [2],http://www.weixing.cn/,董事长 ： 章卡鹏,,2000年8月31日,中华人民共和国 浙江省 台州市 临海市 前江南路8号
仲景宛西制药股份有限公司,中成药 制药业,,http://www.china-medicines.com/,孙耀志,,1978年,中华人民共和国 河南省 西峡县 仲景大道168号 [1]
众泰汽车股份有限公司,制造业,,http://www.hsjinma.com/,董事长 ： 金浙勇,,1998年8月31日 [1],中华人民共和国 安徽省 黄山市 歙县 经济开发区
仁和药业股份有限公司,医药制造业,,,,,,江西省 樟树市 药都南大道158号
亿城集团股份有限公司,房地产开发与经营业,,,,,,
京东方科技集团股份有限公司,电子,,http://www.boe.com,王东升 （ 董事长 ）,,1993年4月 ( 1993-04 ),中国 北京市 大兴区 经济技术开发区西环中路12号
宜宾五粮液集团有限公司,酒,,http://www.wuliangye.com.cn,董事長 ：李曙光,,1998年,中國 四川 宜賓
丽珠医药集团股份有限公司,医药制造业,,,朱保国 （董事长）,,1985年1月26日,中国 广东省 珠海市
九阳,家用电器,,http://www.joyoung.com.cn,,,(1994年 ( 1994 ) ),中国 山东 济南
丹东化学纤维股份有限公司,化学纤维制造业,,,,,,
安徽丰原药业股份有限公司,医药 制造业,,http://www.bbcayy.com,董事长 ： 何宏满,,1997年8月30日,中国 安徽省 芜湖市 无为县 北门外大街108号
中國國際海運集裝箱（集團）股份有限公司,集裝箱 製造,,http://www.cimc.com/web/330/,,,1980年,中國 廣東 深圳
雲南白藥集團股份有限公司,中成藥,,http://www.yunnanbaiyao.com.cn/,董事長 ：王明輝,,1993年,中国 雲南 昆明
乐视网信息技术(北京)股份有限公司,互聯網 服務 视频分享网站,,http://www.le.com/,董事长： 总经理：刘淑清,,2004年11月,中国 北京市 海淀区 学院南路 68号19号楼六层6184号房间
合肥丰乐种业股份有限公司,农业,1206人 [1],http://www.fengle.com.cn/,董事长 ： 杨林,,1997年4月16日 [1],中华人民共和国 安徽省 合肥市 蜀山区 创业大道4号
安徽中鼎密封件股份有限公司,制造业,19591 [2],http://www.zhongdinggroup.com/,法人代表： 夏鼎湖,,1980年,中国 安徽省 宁国市 经济技术开发区
中青宝,网络游戏,,http://www.zqgame.com/,,,2003年,中国 深圳市 南山区 高新区南区Ｗ１栋Ｂ区4楼
中钨高新材料股份有限公司,有色金属冶炼及压延加工业,,,,,1996年,湖南省株洲市
中航地产股份有限公司,房地产开发、经营，各类投资，开办商场、宾馆服务配套设施，国内商业、物资供销业，自有物业管理、经营、举办各种产品展销、开展科技交流活动、举办科技学术交流会议，劳务派遣,,http://www.carec.com.cn,法人代表：仇慎谦,,1994年9月24日,深圳市福田区振华路163号飞亚达大厦六楼
中航飞机股份有限公司,航空 製造,,http://www.xac.com.cn/,董事長 ：何胜强,,1997年,中国 陕西省 西安市
深圳中金嶺南有色金屬股份有限公司,有色金屬,,http://www.nonfemet.com/,董事長 ：李進明,,1984年,中國 廣東 深圳
中華映管股份有限公司,光電業,2100人 (2019年）,http://www.cptt.com.tw,董事長 ： 林蔚山 總經理 ： 林盛昌,,1971年5月4日,中華民國 （ 臺灣 ） 桃園市 龍潭區 華映路1號
中联重科股份有限公司,工业设备,,http://www.zoomlion.com/,,,1992年9月28日,中国 湖南省 长沙市 银盆南路361号
福建中福实业股份有限公司,A03,,,,,,
中粮地产(集团)股份有限公司,房地产开发经营、国内商业、物资供销业、建筑技术咨询、进出口贸易,,http://www.cofco-property.cn,法人代表：周政,,1993年10月8日,深圳市福田区福华一路1号大中华国际交易广场35层
安徽中电兴发与鑫龙科技股份有限公司,信息服务,,http://www.ah-zdxl.com/cn/index.aspx,董事长 ： 束龙胜,,1998年5月15日,中国 安徽省 芜湖市 鸠江区 九华北路118号
中润资源投资股份有限公司,房地产开发与经营业,,,,,,
中洲投资控股股份有限公司,房地產,,http://www.zztzkg.com/,,,1984年 中国 廣東省 深圳市,中国 廣東省 深圳市 福田區 金田路3088號中洲大廈
中國中材集團,水泥 技術 裝備 與 工程,3.64萬人 [1],http://www.sinoma.cn,董事長 ：刘志江,,1983年,中國 北京
中成进出口股份有限公司,商业经纪与代理业,,http://www.complant-ltd.com.cn,法人代表：刘学义,,1999年3月1日,北京市丰台区南四环西路188号二区8号楼
中文在线数字出版集团股份有限公司,新闻和出版业,,http://www.chineseall.com/index.shtml,童之磊（中文在线 董事长）,,2000年,中国 北京市 东城区安定门东大街28号2号楼9层905号
中弘控股股份有限公司,房地产,,http://www.zhonghongholdings.com/,,,2001年,中国 北京市
中天城投集团股份有限公司,综合类,,,,,,
中国振华电子集团有限公司,制造业,11000余人（2016年） [2],http://www.czelec.com.cn,董事长 ： 杨林,,1984年,中华人民共和国 贵州省 贵阳市 乌当区 新添大道北段268号
中国广核电力股份有限公司,建设、运营及管理核电站，销售该等核电站所发电力，组织开发核电站的设计及科研工作,18663,,董事长：张善明 实际控制人：国务院国有资产监督管理委员会,,广东省深圳市福田区深南大道2002号中广核大厦南楼18楼,广东省深圳市福田区深南大道2002号中广核大厦南楼18楼
中国华录集团有限公司,文化产业,,http://www.hualu.com.cn,陈润生 （ 董事长 ， 党委书记 ） 张黎明 （ 总经理 ，党委副书记） 李卫国 （ 纪委书记 ） 肖波 （总会计师）,,2000年6月18日 ，​19年前 ​（ 2000-06-18 ）,中华人民共和国 辽宁省 大连市 高新技术产业园区黄浦路717号
中国宝安集团股份有限公司,综合类,,http://www.chinabaoan.com/,董事长：陈政立,,1991年6月1日,深圳 笋岗东路 1002号宝安广场A座28-29层
中国南玻集团股份有限公司,建筑材料,6000,http://www.csgholding.com/,董事长 ：曾南,,1984年9月10日,广东 深圳
中原环保股份有限公司,公共设施服务业,,,,,,
中南红文化集团股份有限公司,传媒 、 制造业,820人 [2],http://www.znhi.com.cn/Index.aspx,董事长 ： 陈少忠,,2003年5月28日,中华人民共和国 江苏省 无锡市 江阴市 高新技术产业开发园金山路
中公教育科技股份有限公司,服务业,,,董事长 ： 李永新,,1999年,中国 安徽省 芜湖市 鸠江区 弋江北路亚夏汽车城
中興通訊股份有限公司,消費電子、電腦硬件,69093名員工（2014年） [2],http://www.zte.com.cn,執行董事： 李自學 （董事長） 徐子陽 顧軍營 [1],,中华人民共和国 深圳市 （1985年 ( 1985 ) ）,中华人民共和国 深圳市 南山區 高新技術產業園科技南路55號中興通訊大廈
中信海直,航空运输业,,http://www.cohc.citic/,毕为（法人代表）,,1999年2月11日,中国 广东省 深圳市 南山区 南海大道 21号 深圳直升机场
中信國安信息產業股份有限公司,資訊科技,,http://www.citicguoaninfo.com/,董事長 ：李士林,,1997年,中國 北京
江苏吴江中国东方丝绸市场股份有限公司,纺织业,,http://www.cesm.com.cn,法人代表：计高雄,,1998年7月16日,江苏省吴江市盛泽镇市场路丝绸股份大厦
广州市东方宾馆股份有限公司,旅馆业,,http://www.hoteldongfang.com,,,1961年,中国 广东省 广州市 流花路 120号
东北制药集团股份有限公司,医药制造业,,,,,,
东方财富信息股份有限公司,互联网,3952人 [3],http://www.eastmoney.com/,董事长 ： 其实,,2005年1月20日,中国 上海市 龙田路195号3号楼C座9楼 [1]
甘肃上峰水泥股份有限公司,制造业,,http://www.sfsn.cn/,法人代表： 俞锋,,1978年8月,注册地址： 中华人民共和国 甘肃省 白银市 白银区 五一街8号 办公地址： 中华人民共和国 浙江省 杭州市 西湖区 文二西路738号西溪乐谷创意产业园1号楼E单元
福建三木集团股份有限公司,综合类,,,,,,
東阿阿膠股份有限公司,醫藥製造業,,"http://www.dongeejiao.com/,https://www.wikidata.org/wiki/Q10871094#P856",,,1952年 ，​67年前 ​（ 1952 ）,中国 山東省 東阿縣 阿膠街78號
佳沃農業開發股份有限公司,农产品,,,,,,中國 湖南省 常德市 桃源县陬市镇桂花路1号
萬方投資控股集團,房地产开发与经营业、餐飲、 停車場,3000,,,,,北京市朝阳区曙光西里甲一号第三置业A座
万科企业股份有限公司,房地产开发,"42,300人",http://www.vanke.com,,,1984年5月30日,中国 广东省 深圳市 盐田区 大梅沙环梅路33号
广东万泽实业股份有限公司,房地产开发与经营业、医药、高温合金,,,,,,
郑州银行股份有限公司,金融业,3773人,http://www.zzbank.cn,董事长 ：王天宇 行长：申学清 [1],,2000年,河南省 郑州市 郑东新区 商务外环22号郑银大厦
万向钱潮股份有限公司,交通运输设备制造业,,,,,,
一村資本有限公司,金融服务,,http://v-capital.cn/,湯維清 ( 法定代表人 ) [3] 于彤 ( 董事长 、 董事总经理 ) [4] 王宏宇 ( 董事总经理 ) [5] 刘晶 ( 董事总经理 ) [6] 赵江华 ( 董事总经理 ) [7] 孔娅妮 ( 董事总经理 ) [8] 郭欣 (创新投资事业部执行 总经理 ) [9] 茹小琴 (资本市场部执行 总经理 ) [10],,2015年8月18日 [2],中华人民共和国 上海市 浦東新區 金橋鎮 紫竹路 383弄（近龍東大道）東郊中心11、12號樓
中信出版集团,,,http://press.citic,,,中国 北京市 （1988年8月20日）,北京市 朝阳区 惠新东街甲4号
一汽轎車股份有限公司,汽車,,http://www.fawcar.com.cn/,董事長 ： 徐建一,,1997年,中國 吉林省 長春市
许继电气股份有限公司,电器机械及器材制造业、输配电及控制设备制造业,,http://www.xjec.com,法人代表：李富生,,1996年12月27日,河南省 许昌市 许继大道1298号
江苏洋河酒厂股份有限公司,白酒,25000 (2012年),,张雨柏 大校 ， 董事长,,1949年,中国 江苏省 宿迁市
深圳市天威视讯股份有限公司,服务业,,http://www.topway.com.cn/index.html,董事长 ： 郑鼎文,,1995年,中国 广东省 深圳市 福田区 彩田路6001号（深圳广电集团彩田基地）
順豐控股,速运,213000人（2017年12月）,http://www.sf-express.com,董事长兼總經理： 王衛 副董事长兼副總經理： 林哲瑩 董事兼財務總監： 伍瑋婷 副總經理兼集團首席策略官： 陳慶麟,,1993年3月26日 ( 1993-03-26 ) 中国 廣東省 順德,中国 廣東省 深圳市 福田區新洲萬基商務大廈（新址將設於 前海深港現代服務業合作區 媽灣片區 順豐速運總部大樓 ）
广州珠江钢琴集团股份有限公司,钢琴 、 乐器 （不含 吉他 、 提琴 ）、 电子设备 、 音响设备,,http://www.pearlriverpiano.com/,施少斌 (董事长 党委书记) 李建宁 (副董事长 总经理 ),,1956年,广东省 广州市 荔湾区 花地大道南 鱼尾西路
蓝思科技股份有限公司,轻工业,,http://www.hnlens.com/,,,2003年7月,中国 湖南省浏阳市洞阳镇（本部）
宁波银行股份有限公司,銀行,,http://www.nbcb.com.cn,董事長 ： 陆华裕,,1997年,中國 宁波
{{{3}}},{{{5}}},,,,,,
河南森源电气股份有限公司,电力设备制造,,http://www.hnsyec.com/,,,2000年10月30日,长葛市 人民路北段
華誼兄弟傳媒股份有限公司,唱片 、 演唱會 、 電影 與 電視劇 製作和發行、藝人管理,,https://www.huayimedia.com,王中軍 、 王中磊,,1994年,中华人民共和国 北京市
TCL集团股份有限公司,消费电子 、 家电,,http://www.tcl.com,,,1981年 ，​38年前 ​（ 1981 ）,中国大陆 广东省 惠州市 鹅岭南路6号（TCL工业大厦）
